f1,f2,f3
-0.559742136,-0.637534416,0.223078037
0.212327173,-0.229106433,-0.968383633
-0.034242633,1.119755899,0.207198751
-0.097615558,-0.228403038,-0.645459425
-1.853240726,-0.192377545,-0.141065155
-1.676687929,-1.239618791,-0.770334728
0.629157857,0.020729156,1.131972147
-0.543426131,0.34276143,-1.723934506
-0.849258839,0.120631816,-0.759556413
0.470576816,0.070802976,-0.145336116
-1.44146186,-0.447460768,0.191896328
1.291689942,-0.188236186,-0.148758206
0.134982294,0.122982766,-0.308653361
0.185297806,0.501130237,0.504228006
-0.844649697,-0.62921364,0.239949731
1.51374249,-0.395871167,0.244090453
0.023228917,0.711067337,0.272430401
0.008327062,-1.422247154,-0.619929219
-0.463100933,-1.000364971,1.148156983
0.346953126,0.305075283,0.421985597
-0.92017692,1.309880378,0.816201276
-1.685279314,-1.023147316,-0.821272255
0.327422578,-0.142182051,-1.090596773
-0.213590476,0.408882381,0.699893358
1.022422953,-0.231565474,-0.286787757
1.412073851,0.766187835,0.068307767
-0.970553175,0.105653442,-0.351821752
1.82288286,0.422727024,0.213753613
0.982309921,0.133149287,-1.66797326
1.521038912,0.566617016,0.07031748
1.668520137,0.71033683,-1.362944603
-0.260141761,0.208618752,0.719206075
0.520263478,1.36501145,-0.233360191
-0.087262779,2.210921078,0.034012048
1.044092524,0.477627822,-0.479097636
0.590063689,-0.03002665,-0.161110788
-0.209968894,-1.27765263,0.354864294
1.07893238,0.043733991,1.172472407
-0.297821751,0.553818146,0.108382557
-1.507885697,0.119603823,0.980986965
0.549060629,0.772449176,0.571262757
1.052148277,1.299747568,0.257991521
-0.472874378,2.179547406,0.711024139
-0.298076639,0.111895182,0.914787665
-0.029344596,-0.881819278,0.393125203
-0.184984002,-0.088977055,1.110159091
-1.451329857,-0.309917099,-0.627269773
0.699361837,-0.244034464,-0.983578607
0.862753484,0.627577988,0.989918894
0.493526741,-0.274984351,0.732926867
-0.434700812,-0.262140558,-0.80899653
-0.237733042,-0.68385285,-0.922621229
1.255468829,0.32248192,-1.054519324
0.236781258,0.82461773,0.539803982
1.505949594,0.206595602,-0.211000796
-0.700501195,1.085377095,0.126126214
0.404679892,-0.379692375,0.7588828
0.753467354,-1.259308083,-0.321940551
-0.064650528,-0.457880207,-0.488267177
0.7096555,-0.184334993,-0.75639575
0.086195612,-1.102269819,-0.584027095
1.117465861,0.099029149,0.339758002
1.034078601,0.684810903,-0.325155644
1.181471112,0.103531382,-0.862929766
1.59273539,-0.841973652,-0.272577246
-0.498845632,0.866946606,0.402309899
-1.035607796,1.497088994,0.238957064
0.301316996,-0.10002797,-0.17236617
1.732744351,-0.283067257,-1.044373423
-0.846207172,0.942266223,0.524817208
0.211999679,0.065218462,1.003688717
-1.297329256,-0.30444692,-0.30209124
-1.229567474,-0.727244596,0.179462823
0.293680985,-0.991109443,0.470586634
0.521105897,0.023170661,-0.412125188
1.293851511,0.643881736,-0.374444682
0.064882292,0.180648055,-0.485425405
-0.270227702,0.104864461,0.634391524
-0.312249853,-0.410924532,-0.187023372
-0.45789837,0.084529533,0.753561773
0.05689065,0.324274653,-0.953650648
0.254492669,-0.341568153,0.446194226
0.903678719,1.384452047,0.271517783
-2.032423918,1.12499271,-0.177791107
-0.140789404,-0.140470858,-0.51323859
1.093134952,0.406559211,0.043324873
-0.883709917,-0.023472756,0.232275423
0.792955965,-0.347728802,-0.78467626
-0.427280917,0.554221524,-0.265930552
0.364535865,-0.163213972,0.412403766
-0.045616529,-0.396242347,0.472818465
-0.632952669,0.091617087,0.363619779
0.851039944,1.362896502,0.678448556
0.072882058,-0.945646472,-0.407519139
0.028283283,0.758698956,-0.153395451
-0.0276614,-0.809888972,0.066153856
0.175220828,0.490387465,0.241596993
0.479773926,0.611463305,-0.032968652
0.042569573,0.747642418,-0.050628898
1.319207769,0.47393361,2.065071024
-0.793905644,0.407695663,-0.024733255
-0.688343399,0.83066107,0.923911304
0.993090475,-1.138371435,0.030937693
-1.220834429,-1.297595793,-0.461578466
-0.823811278,0.196891362,-1.076251366
0.651740257,0.676274163,-0.076812101
-0.442924352,-0.345286669,-0.006445479
-0.284130038,-0.991868007,1.180618745
-0.343998589,-0.473993489,-0.680111996
-1.007538958,-0.531313081,-0.468596775
-0.424963837,0.252341664,0.590015392
-0.43503842,0.871383459,0.952469706
0.006383021,-1.078137678,-0.106097898
1.038270603,-0.36845972,-0.52534403
-0.369987554,0.990231564,-0.068660722
-0.007042507,-1.358875115,1.455074199
1.043510746,0.290426746,-0.94895139
-1.202480851,0.215092411,-0.625574823
-0.910458715,-0.01542478,0.032808969
0.894934875,0.493360541,-0.012062315
-0.714213135,-0.63445449,-0.772625576
0.107978403,-0.894020583,0.242725543
1.417204796,-0.1363453,-0.333941255
0.980742455,-1.606561001,0.941440996
0.749229273,1.44326467,-0.323927613
-0.500823521,0.002409592,0.750236157
0.370037487,1.04783081,-1.445669346
-0.391612251,-0.970954086,1.270341946
0.126440982,0.413348854,1.527990993
0.262901747,-0.564729241,0.274952592
1.59539028,0.585380956,-0.884312623
-1.818890306,-0.299279644,-0.736723524
-1.086366125,-0.377021829,2.054204517
-0.082546555,-0.728691149,-0.900387668
-0.026518005,0.552499473,0.768602485
0.130262413,0.184526093,-0.247505847
0.429237287,0.146080205,-0.010241628
0.249040754,1.365952704,0.643120862
-1.305971994,-0.068289779,0.196427906
1.335982203,-1.264182155,-0.198586723
-0.763792556,-0.747185991,-0.07526333
-1.110014122,-0.436612928,0.190689987
0.794312498,-0.957356639,0.620038366
1.751868541,-0.491206975,0.035842556
-0.514961417,-0.673080229,1.146353039
0.846412362,-0.157792147,1.750720548
1.638303852,0.276814497,-0.717936809
-0.200058967,0.261335333,0.58666042
0.590079244,-0.52800993,-0.021116942
-0.708557858,-0.692267677,-0.118314049
-0.910091864,0.41747297,-1.330927083
-0.247047203,-0.936606019,-0.519791833
-0.292327661,-0.042899942,0.777578856
1.322853872,-1.119451943,0.118561915
0.349203176,-0.278594085,-0.367149842
0.867647376,0.490471134,-0.187706252
0.230762438,0.785760713,0.557768399
0.671731041,0.318964472,-0.243945094
0.469328587,0.160623932,0.892103681
0.646483784,-0.21804871,0.987010431
0.658388317,0.700281955,-0.060502144
0.450155448,-0.51341408,-0.470204076
0.221848125,0.180429706,-0.339191107
0.296593952,0.121347675,-0.169862683
-0.514896769,1.10967706,-0.630664374
-0.269580778,0.1190702,0.402084215
-0.628382786,0.631801176,0.197978091
-0.026104846,0.838494329,0.257872578
-0.09689314,-0.421051278,-0.522041492
-0.527363545,0.047263898,-0.846726958
-0.956547688,-0.729172556,-0.588908547
0.659432944,0.361339176,-0.735333759
-1.311670634,1.028342632,-1.64348044
-1.304599589,0.09034898,-0.113929082
0.600720133,-1.243598936,0.955856164
0.159529097,-0.836354339,0.513416125
1.197219303,-1.075151898,-0.514916308
0.699260159,-0.824289169,0.419234629
-1.998131858,-0.443474611,1.392308481
0.917148318,0.675569545,-0.19155358
0.61541014,-0.365399024,-0.676078604
0.023989086,1.406118517,0.163907751
-2.536523009,0.692771701,1.077674739
1.250952999,0.603355657,-1.361464198
0.381279947,0.217814179,-0.642619138
-0.596445221,2.406269441,-0.593545541
-1.083287875,-0.257910539,-0.811720604
0.010065083,-1.680187474,1.609100201
-1.065867541,-1.102141967,-0.290067954
-2.418531024,-0.439704447,-0.101565783
-0.081841448,0.393278563,1.615290013
0.757055322,-0.008204626,-1.444407293
0.603009886,-0.205213731,0.374387707
0.276839534,0.179933124,-0.480761825
0.601957268,-0.864051639,-0.184538484
0.26018328,-0.5138676,0.071783897
0.566268155,-0.004694132,-0.6048019
0.54276303,-0.339542213,-0.064335897
-1.69998789,-0.007692216,0.463312111
1.236918531,-0.449853101,1.451193978
0.101321452,-0.256925163,-0.934543373
-1.493280446,1.547358946,-0.747436103
0.465304374,0.995014702,0.155709177
-0.248192121,0.269680262,-1.00905923
0.652304604,0.759588276,0.315693474
0.048719742,-0.267603053,0.751830918
-0.88398661,-1.355512085,-0.503939341
1.601793411,-0.080509408,0.629014996
1.286483674,-0.499663541,-0.66026385
-0.555185482,-0.185991665,1.555418235
1.414612485,1.357065033,0.668596142
0.313417587,0.33344749,-0.079750917
-0.506389983,0.197088547,0.334173517
-0.470517292,-1.304695542,0.725841002
-0.310782575,-1.186389739,-0.013845378
-0.113198425,-1.009220907,-0.474706448
-1.070214141,-0.960908232,-0.677741831
-1.358247169,-0.274115149,-0.362631052
0.497820733,-1.465657847,-0.237047201
0.334020486,0.266691141,-0.020683459
0.426179523,-0.041260254,0.052778566
-0.826873426,0.737360478,0.422458394
0.509196221,-0.548198183,0.988576933
0.009994739,-0.043721494,-0.039922014
0.255155468,0.104696132,-0.577200154
-0.396402824,0.282181764,-1.273502131
1.037769648,-1.325381403,1.605461932
0.990237837,-0.957149573,-0.564794244
-1.143437378,-0.434027209,-0.175263616
1.341059232,0.640094376,-0.619400933
-1.189494899,0.88491522,-0.907209605
-1.801018534,-0.648530384,0.250631883
-0.285925423,-0.662857654,1.179184692
1.54903818,0.849927186,0.327886387
-1.366467996,-0.379607917,-1.143938608
-0.496779151,-0.870564394,-0.733269894
-0.579534801,0.734264595,0.693098193
-0.050860905,0.092306717,0.942453243
-0.676862034,0.357921081,-1.344729694
-0.264587757,-0.517604845,0.852365055
-1.037671285,0.420515666,0.282266885
0.68138173,0.505496126,-0.914559123
-0.784884988,-0.066798071,-0.52910061
1.250916601,0.093006659,0.53588271
-1.023186895,-0.120620264,-0.389790765
1.302769339,0.774373197,-0.183014491
-1.386664573,1.257417999,0.53594791
1.694277232,0.737514627,0.613157709
0.709130161,0.478912929,0.089046339
-0.143958656,-0.855085846,-0.277253221
0.770558655,0.095429554,1.027719673
0.605030981,-0.53066879,0.32823869
1.012725141,-0.333592564,-0.590058673
1.008466166,-0.148367492,0.419537131
-0.529403074,-0.219877498,-0.099092391
-0.03302314,-1.313093992,0.423917648
-0.468459833,-1.140161849,-0.557873915
0.51953529,1.727179191,-0.477838438
-0.060574167,0.298402284,1.457875817
0.121972903,-0.340081701,-1.035261746
0.760845638,-0.546264924,0.333114993
0.155014803,-0.453245129,0.169410855
0.927736797,0.100976703,-0.232140785
-0.809722718,0.089954817,0.525078697
-0.24008068,-0.454691519,0.13339604
0.663264928,-0.286029723,-0.285815978
0.479157877,-0.622249028,0.320455748
-1.253292402,-0.796650143,-1.190835642
0.858376228,0.800983848,-0.075329372
0.745856623,0.38143528,1.351052226
0.078869398,0.299506545,0.468303301
-0.381067058,-1.349360027,-0.22833482
-0.515118787,0.29462651,0.384587716
0.374994392,-0.503628614,0.296264408
-1.132535745,0.575965014,1.018388634
-1.764967774,-0.798942913,-1.405676222
-1.143815571,1.072175079,0.021984862
-0.845641326,1.180099558,-0.514029539
0.440120669,1.285933676,-0.667723371
1.542852948,-1.305889526,0.261216296
-0.523493519,-1.071517148,-0.323220107
-0.799488436,0.794493398,-0.092806423
0.603094352,1.000845286,0.906671302
-0.632534558,-0.541333798,-0.57279895
-0.625486318,-0.104292331,-1.058712489
0.601387219,0.225474548,-0.003680357
0.603841027,-0.535933314,-1.161263475
-0.934958817,-0.761739502,-1.656931113
0.543700437,-0.881920389,-0.569677397
-0.038186935,0.856935826,0.127597582
0.651722954,-0.563380295,0.402437962
0.259354014,0.016540387,-0.480357809
0.76868353,0.63624218,0.246701857
0.570432551,-2.21606929,0.923907962
0.290652739,0.742115396,0.631996452
-0.592778922,-0.728620751,0.515815277
1.057442738,0.649462536,-1.326439564
-0.871873844,-0.49757054,0.151856022
-1.160839368,-0.259128639,-0.078929102
-0.258294556,-0.894246169,0.290381445
-0.980785433,-0.374261858,-0.291908231
-0.769143732,2.133883079,0.552233165
-0.735768633,0.002356346,0.749818991
-1.331152852,-0.371482826,0.16876856
-1.113530142,-0.74319423,0.378998905
-1.145628114,-1.108721863,-0.774325027
0.835255854,1.362464639,0.999838436
-1.045247892,-0.074203166,0.087069169
0.016714264,-1.107710399,0.221291452
-0.090766197,0.945706633,0.30506493
-0.842017342,0.689621497,-1.103597653
-0.610090328,-0.19160013,-0.286221467
1.503896173,-0.998087881,0.473473818
-0.670598295,-0.022356046,-1.330841328
-1.204969255,-0.287802977,-0.641349191
-0.766294604,-0.033535297,1.497355647
-1.059057249,1.43797069,0.017439706
0.426156575,-0.406966172,-0.784278674
-1.362938907,-0.619686877,-0.780640239
-0.101625226,-0.298249437,-0.403031407
-0.15381539,0.233698223,1.616281965
-0.078102733,-0.982107985,0.656877023
-0.663190118,0.023184398,-1.346813514
-0.050351548,0.567376903,0.838869669
0.510726879,-2.068607159,1.557702613
-1.170067669,1.204228022,-0.334689455
-0.40152927,0.727232979,0.836425448
-1.205818117,0.322804303,0.196957421
0.05508218,-0.073998523,0.181209299
0.15370934,-0.415829057,-2.097044367
-0.636603226,-0.318318007,0.022686794
-0.526201453,0.766491018,1.039301403
-0.120606824,0.050771762,0.078858743
-0.578380929,-1.56624463,0.000875973
0.636271506,0.455252657,1.085952346
0.897593926,-0.646115307,-1.112496226
-0.154150387,-0.738389949,-1.705817085
1.322129444,0.154260158,0.050430459
0.106633274,0.408406838,0.42304113
-0.334269182,-1.030160347,-0.738243108
-0.20932766,-0.917857052,-0.81211182
-0.446980703,-0.876579192,0.153609578
-0.667975882,-0.248546068,0.974801079
-0.024119334,0.186807163,0.238679936
1.217285381,-1.492125131,-0.07060515
1.574311725,0.120017767,0.164658885
-0.561835894,0.468964549,-0.299499511
0.319595045,-0.250173318,0.383168131
-0.414529279,0.894500205,0.507300526
0.23392913,-0.001419801,-0.164936387
-0.41662103,-0.018761248,0.734961215
0.764750056,0.665614686,0.984167506
-2.311305334,-0.438327466,0.30963662
0.421361504,-0.812216155,0.403507691
0.658876334,0.227124845,0.753864664
0.417834098,-0.765739365,-0.985513171
0.006266926,-0.212812985,-0.45607991
-1.597988936,-0.569680678,0.643251503
-0.396377889,0.498763787,-0.126038062
0.083637178,-0.407383403,0.377139366
0.500297895,0.987776583,0.281843206
-0.854705087,0.099329884,-0.45590247
0.418980968,-0.028244988,-0.248990588
0.978888432,-1.48180758,-0.758578215
1.660566829,-0.307152886,-0.20434335
-0.026488001,0.021118156,-0.94337989
-0.497126405,-0.214088263,-1.138141948
-0.225647992,0.012558712,-0.136428439
0.569219453,0.720446917,0.601846004
0.547234866,0.744448091,1.202470491
0.252851985,0.553403409,0.000256683
-1.130467955,1.490856633,-0.509853479
-0.322099958,-0.370783885,-0.515800539
1.058708547,0.919388513,2.21843667
-0.475880479,0.570953953,-0.993615754
1.947321057,-0.125995801,0.043945805
0.930329865,-0.301538395,0.283207623
0.315811534,0.318794001,0.487353122
-0.619745164,0.615832338,-1.089160174
-0.606047308,0.708203317,-0.151083206
-0.401390475,-0.562684125,-0.597574759
0.664223143,-0.586542718,-0.201646974
0.6532676,0.251608755,0.677748031
0.26293478,0.048942852,0.064408267
0.238182353,0.024081993,-0.716950892
-0.267841464,-0.098304671,0.146785648
0.928879228,0.668360135,-0.420125146
-1.097950774,-0.414269918,-0.209829729
1.673174894,-0.104208979,-0.227736928
-1.593203974,1.092418033,0.272336286
-0.333376411,0.463739829,0.437165303
-0.800535261,0.292459931,0.686273229
-0.090341378,-1.050514051,-0.187662819
-0.783539714,-1.099376916,-0.637723851
1.044296881,-0.537016691,-1.533432351
-0.107531261,0.162409526,0.350667666
0.076864387,-0.637405297,0.038404415
0.194948252,0.345104445,-0.547755787
-0.504476632,0.501010429,-0.044697197
0.097311928,-0.678936297,0.796937953
-0.779341126,0.995032102,-0.113922317
-0.826925497,-0.121539551,-0.628074986
1.218725583,0.335167043,-0.223515087
-0.134756833,0.615380016,-0.285006591
-0.227045407,1.109190939,-0.034119004
0.397964044,0.501362119,0.432677205
1.411285462,0.180523816,-1.137220801
-1.912483932,1.128329327,-0.773901289
1.636215745,0.108638882,0.16331436
0.201505131,0.000545588,-0.483934342
0.014967399,0.20136403,0.075088587
-1.286546652,-0.676645176,0.682437184
0.083590634,-0.72437945,0.948613839
1.449621863,-0.572668487,-0.738852463
-1.234643568,0.366635725,1.20329053
0.287344465,-0.982097431,1.157983367
0.124083824,-1.20960932,0.523963271
-0.265236864,0.200020455,-1.523221737
-1.540357623,0.343256836,-0.518708578
-0.367136023,1.022794361,-0.073885196
0.52664824,-1.470907808,0.614168849
-1.096420178,-0.851426796,0.426877038
-1.526894111,-0.219594281,-0.645730946
-0.075763359,-0.573872843,-0.959484599
-0.850398516,-0.021716217,-0.201771371
1.54290259,-0.877750601,-1.077129871
-1.123381668,0.118172723,0.800544516
0.330345778,0.259478703,0.131982448
-0.035001554,-0.112453623,1.242671773
1.010262856,-0.394694975,-0.769688948
0.185800615,-0.917890958,0.900051498
-0.708932251,0.780387409,0.037578113
-0.318115824,-0.391673901,0.483239216
0.546640704,0.070852116,0.86387839
-0.787441987,-0.744817151,-0.061265126
1.522129204,-0.717653632,0.631459358
-2.508145087,1.058894126,0.343118596
-1.917538182,-0.867138836,-0.038606361
0.027465845,0.11399785,0.293963375
-0.522377734,-0.616063084,-1.305967547
-0.340719636,-1.177847621,-1.038983353
0.030811717,-0.802353656,-0.386141447
0.097091038,0.487769376,-1.184031863
-0.314010311,0.467934754,0.444315055
-0.392134404,-0.049590555,0.652734963
-0.412949979,0.673853756,-0.21091119
-1.454246797,0.406714824,0.594116864
-0.860020104,1.268576242,-0.290830412
0.33536325,-0.039511022,-0.500629486
-1.60713265,-0.614255989,0.671842165
0.721697647,1.35252649,-0.106807232
-1.024662088,-0.358574432,-0.449568654
1.063100267,-0.534586264,1.078689209
-0.654767317,0.905627071,-0.191296046
0.422864571,-0.550474553,-0.306578924
-0.467519376,0.081163501,0.01120007
0.059282986,1.130047588,-0.606582705
-0.948070956,0.024968787,-0.251859221
0.119127439,0.126467288,-0.812272712
0.539615695,-1.109039686,0.189509133
-0.582859198,-0.922409449,-0.830630998
1.067505662,1.74105848,-0.970634712
-0.242391745,-0.196559175,-0.966779761
0.281888193,0.733243624,-0.920753725
-0.15107867,0.533400768,1.218977825
1.4881284,0.415695436,1.108170967
0.116151674,1.851678318,0.229164648
0.509916647,-0.455876605,0.413059787
-0.523354466,1.087054344,-0.965315653
0.387318165,-0.180768558,-0.586088556
-0.3452995,-1.352686561,-0.08630173
0.615861802,0.289232868,-2.148589344
0.139801554,0.408927602,-0.757416369
0.032046009,-0.917080468,0.387925278
0.393049947,1.185762339,0.783917337
0.668716766,0.236149986,-0.439371993
0.671676702,0.587773882,0.917405179
0.921134836,0.014094044,-0.130111172
0.371831247,1.095521923,-0.43483121
-1.012804126,2.126418243,-0.573341517
-0.562526288,-0.56307469,-0.469495987
0.039742231,0.911767261,-1.186997122
-0.622710623,1.406470551,0.361045931
-0.066315296,0.317420009,-0.149476381
-0.373106302,0.21855501,0.425311444
0.848048338,-0.484940068,0.594246141
-1.030200052,0.000571347,0.134773511
-0.753772653,-1.026569131,-0.72601308
-0.210305221,1.12983356,0.617705668
-0.315180688,-0.016035856,-0.785407347
0.35763112,0.401279478,0.749061635
0.272612819,0.678642882,-0.135447488
-2.128542739,0.726300476,-0.173620694
-0.665400261,-0.176277496,-0.409331734
2.220837739,-0.459826682,0.912097603
0.504703736,1.666062979,1.13121102
-2.06542792,-0.297838058,0.642193066
0.653580535,-0.272268594,0.207382267
-0.007300535,0.188837136,0.781148502
0.394515614,0.470355552,-0.529273887
-0.001158577,-1.676838272,0.566003165
-0.109642475,-0.069976944,-0.370540494
-0.799231932,0.747704233,0.851393205
-1.331698034,0.215078376,-0.110936671
-0.332656297,0.571207283,0.199167655
-0.465968306,-0.554929,0.929813258
0.570936915,-0.203338224,-0.028514937
0.532484492,-0.860638244,0.629088408
-0.785004318,-0.799125592,0.021421028
-0.356246515,0.079177566,0.260710566
-0.834530438,-1.056592071,-0.105104761
-0.252228166,0.284926514,-0.009618889
0.9400367,0.308283836,0.498836097
0.814640105,0.654959866,0.466372319
0.712414078,0.168038679,0.546642767
-0.694718486,-0.245461678,0.351156051
0.92549138,-0.100450818,-0.104562389
0.854847919,0.167573973,0.008032848
-0.745705102,0.18686677,-0.027417097
0.698323489,0.614389972,-0.713684794
0.32955272,0.935393691,0.470722334
-0.552690179,-0.766858387,0.819522678
0.331601873,-0.763563381,-0.291880669
1.399230263,-0.710551692,-0.453106698
1.292452484,-0.71066399,-0.712399109
-0.04819854,0.387866078,-0.778036469
-1.641988554,0.650337093,1.300014704
-0.75306316,0.072026176,0.598124268
-1.568611345,-0.399262216,-0.293211311
0.810410945,-0.729965192,0.366085269
-0.539150163,0.699425233,-0.242000352
0.714546612,0.989797936,-0.506553801
-1.145925798,-1.333453822,-0.664939602
0.685326579,-0.711956195,-0.706202423
0.59714841,0.196234826,1.299279278
0.002855303,-1.746449812,-0.949796169
1.463497416,0.655641075,-0.427363474
0.90376357,-0.133892548,0.635192923
-0.134552398,0.735893747,-0.792897067
0.490105288,-1.026830363,0.653229672
1.595956353,-0.626659147,1.506902055
-1.498891342,-0.628531224,0.332149834
-0.375680222,-1.071302049,0.304035337
0.579382191,-0.252510686,0.421842421
0.366201273,-0.242410069,0.527993678
0.096863103,-0.167034711,0.026133059
-0.480209059,0.511057652,0.144268968
0.632572128,0.684833974,-0.760992795
0.369886592,-1.992981599,0.265819379
-1.044180254,-1.076666919,1.274838085
0.606535871,0.030249645,0.165784216
-1.295729219,-0.305938158,-0.392350212
-1.757315701,0.368884075,-0.247771993
-0.562297948,0.226659439,-0.610599488
-0.784884411,0.249137336,1.123064832
1.357160492,-0.3614168,0.16315952
-0.196540472,-0.860748102,-0.605338448
-0.363541217,-0.193237701,-0.069482296
0.40943573,-1.477883535,0.044889183
-0.344994814,0.790858741,-0.396751918
-1.291260184,0.668456989,-0.179376974
-0.159808387,0.399133209,1.178190422
-0.603606872,0.41714141,0.518252004
-0.228753246,-0.861392076,-0.697040056
0.552532772,0.096371687,-0.175455345
-1.124951664,-0.038391833,0.893854157
-0.177994478,1.903657196,0.606692636
0.13243426,1.850582312,0.245626936
0.682535719,0.089780846,-0.289643456
-1.23903584,0.724404509,0.451153043
-0.982445833,-1.486401245,-0.41216081
-0.545420462,1.23411082,-0.228003628
-0.315209067,0.708780326,-0.444440278
1.440798988,0.58347025,-0.414000242
-1.724796878,-0.444103289,-0.461664503
0.579063881,-0.089886541,0.315793118
-0.913981518,-0.830257064,-0.32445019
-0.005848516,0.027578687,-0.305798695
-0.370058225,-0.230602784,-1.275572528
-0.7551432,-1.318869937,0.167413627
0.300359281,1.781016867,0.022033142
0.3796759,-0.359544029,0.223231515
-0.426905337,0.888742501,0.308671589
1.196306018,0.147545908,0.110596222
0.058228922,-0.307626807,-0.77824272
0.219602417,-0.921714079,-0.336194808
0.051381058,-0.304818071,-0.893424736
1.133303655,-0.038833597,-0.308048
0.174849987,0.165280097,-0.440284749
-0.206770006,-0.327394921,-0.196942059
0.072596185,-1.406888545,-0.729928242
-1.11132325,0.070811723,0.566765034
0.541766872,0.281213971,-0.568578427
0.915975713,0.659105508,0.09818596
0.39499773,-0.792180693,0.084872957
-1.106840297,0.152592408,-0.442743104
0.538815612,1.706550183,-0.505297665
1.390281897,-1.453912963,-1.083017024
-0.530920265,-1.059459911,0.610603334
-0.360883169,-0.694039769,1.708004084
1.041870309,-1.099876941,0.680373014
0.220177109,-0.77622226,-0.00350641
0.418046128,-0.101733546,1.056240772
0.17101331,-1.466296824,-0.626654406
-1.17556724,0.396309085,-0.084926139
-0.219897011,0.203396371,-0.910634917
0.005010353,-1.147998218,1.248164853
0.194175464,1.172478729,0.368563171
-0.006021538,-0.232222527,0.75395528
0.197828218,0.972747195,-0.12396963
0.469354338,-2.116983477,-0.84301979
0.998810741,0.86991713,-0.87592971
-0.103197195,0.299014504,-0.885245117
1.619561771,-0.433367867,-1.365333985
0.616839614,0.516286025,0.694398382
1.032247931,0.059604745,0.099790865
0.426649595,-0.065600458,0.707327678
-0.305350596,0.222193791,0.487934286
-0.652815416,-0.655363978,-0.437439888
-0.019203981,0.06872189,0.350091881
-0.751010099,0.682087188,-1.09026983
-1.180473294,-0.308713281,0.54843008
0.63168752,-1.169816142,-0.628137047
-0.269907274,0.582321353,-1.07474752
-1.148615236,0.427286269,0.562731601
0.195043083,-1.799832107,-1.021122362
-2.193873988,-0.421884368,0.458910445
0.928945093,-0.356685083,0.346660425
0.72989555,-0.835746679,-1.077567609
1.330442108,1.101799369,-1.035378033
-0.753439707,0.89646323,1.444467535
-1.63241919,-1.36689162,0.738430283
0.035046489,-0.605407851,-0.104996452
-0.893756388,-0.472408974,-0.596449896
0.67393732,0.354762167,0.808605713
-1.455486959,-0.33556242,0.513391925
-0.545578234,0.228416087,0.108973577
0.491516068,0.760378385,0.010185978
0.891201265,-0.52053332,0.587524551
0.169852637,0.409133412,0.987731781
-0.075056721,1.60992625,-0.299337063
1.673468581,-0.474846549,0.040198641
0.03091025,-0.102533286,-0.208943857
0.472630323,0.261423077,-0.459204943
-0.332082976,-0.719161805,1.071416875
-0.925270068,-1.769661149,0.478542555
0.640236079,-0.581748226,-1.204308329
-0.069271922,-0.080233604,-0.184246695
-0.465939995,0.313446991,-0.239571545
-1.283258066,-1.138878891,0.198340581
0.457076874,0.57615329,-0.592584168
0.80683281,-0.349202544,-0.852066258
-0.718974136,0.294220216,0.098096375
0.976970152,0.574614396,-1.168805444
-0.703242344,-0.508310416,-0.492554702
-1.651394228,-0.659790593,-0.276285929
-1.015989702,1.271592655,0.404366274
1.382940246,0.812311244,-0.14984834
-0.407482102,0.855112063,0.377708389
0.504786756,-0.476557114,1.514610746
-0.312353356,0.449765712,-0.049886676
0.661260882,0.986633168,-0.264013761
-1.114600543,-0.293474796,0.430818523
0.158240806,-1.376629511,1.019691805
0.414940249,-0.334584827,0.071015025
0.668015363,-0.48452156,-0.34023989
-1.148333764,0.816290137,0.251902011
-1.442225125,1.078119801,0.798878304
0.191190482,-0.538526675,-0.249024641
-1.816398809,-1.033106446,-0.986808038
-0.08112311,-0.543001251,-0.281797732
1.282792934,0.646789504,0.453055668
-0.470084818,1.066049769,-0.499852008
-0.944150411,0.790625953,-0.249560297
-0.599740398,1.008122505,-0.02087655
0.820643212,0.541197171,-0.142250538
-0.694548438,0.963376888,0.299448414
-0.56781652,-0.315447931,-0.136608419
-0.351950048,-0.520528274,-0.691551409
-0.339549682,-0.218739251,0.162128677
-0.019327976,0.915874298,-0.099269906
1.189912865,0.008205563,-0.568480288
0.399491219,-0.907051448,-0.045200071
-1.203203196,-0.106779415,-0.873603589
-0.089766251,-0.445929255,0.064882063
0.56879503,0.891987338,0.320230552
-1.062358731,-0.714772823,-0.26565526
1.954378816,-0.569099879,1.267395084
0.387293736,-0.220541308,0.371254883
1.154117734,0.799606921,-1.186397814
-0.601030799,0.208204335,0.519712234
1.242981154,-1.105988944,0.543158182
0.257070089,0.461452501,-0.932131501
0.633733398,0.090762466,-0.239001475
0.177186822,0.284285579,-0.567521734
-0.091711798,-1.570001511,-0.847365069
0.071742717,-0.295554455,0.126571337
-0.46779166,0.286219861,0.11817777
0.811856253,0.703954241,-0.249996808
0.68957518,0.023090867,0.291693547
-1.121519989,0.725755953,-1.439860616
0.580028659,1.266769078,0.163371774
0.165893131,-0.112314053,0.779590478
-0.125000329,-0.433054538,-0.149123178
-0.971824321,0.743021731,0.436222479
0.829158203,0.34489032,-0.252651057
0.672059292,-0.562831196,0.421542627
1.260720356,-0.767164478,0.059365438
0.483591913,-0.982436646,0.285256532
-0.846158041,-0.871797514,-0.419240825
-0.024757835,-0.855361813,-0.467455067
0.317961794,-0.363248229,0.269742111
-0.333235907,-0.442486333,0.334037477
-0.604213731,1.053504083,0.586934684
0.270197808,-0.692346515,0.669859591
0.1477863,-0.241616784,0.170720386
-0.672141108,-0.75474305,0.32624741
-0.307827436,-1.271839403,-0.21193782
-0.466885151,-0.371999842,-0.261924059
0.488434102,-0.561277637,-0.407696341
-0.286293768,1.02910286,-0.53365092
0.752929161,-0.263969974,-1.100143885
-0.32330171,-0.657763553,-0.179028044
0.804712413,-0.376101701,-0.042653567
-1.19559402,-0.74202821,0.731480606
-0.179429618,0.662867586,-0.191671247
1.346050819,-0.002276221,1.117756412
1.768302269,-0.796102405,-0.446801221
0.356961071,2.22992685,-0.095417623
0.606782129,-0.762546694,-0.384940552
-0.482011337,0.495787551,-1.07588774
-0.666148698,0.035423154,-1.428626852
-0.042746631,0.520510043,1.385736423
-0.352489881,0.05000805,-0.146038514
0.323999356,0.04555179,0.599754708
-1.056903153,-0.539937323,0.887589519
0.045420995,-0.374546346,0.002813716
-0.331839424,-0.603190183,-0.13701815
2.224144485,0.186516943,-1.668361296
-0.601336424,-0.145297109,0.320480851
1.051800565,-1.586976806,-0.227838244
-0.824275997,-0.247905767,0.10681038
0.499789774,-0.3702535,-0.460708318
0.372405024,0.62433015,-1.282551903
0.349574141,-0.884039923,0.98934709
-1.438467648,-0.661204554,0.080316243
0.643742151,-0.08024424,-0.50787136
-0.082915794,-0.301192101,0.816673347
0.073893919,-0.010636087,1.14418969
-0.111746886,0.991063087,0.404080856
0.768763566,-0.31425835,-1.193217259
0.726756865,-0.053462781,-0.53572549
-1.236585558,0.675391877,-0.290901167
-1.755216913,-0.529789495,-0.0739639
-0.104154047,0.152332381,0.703824436
0.716003461,-0.868981415,0.086505342
0.020023168,0.215762961,0.128991325
1.128972866,0.194936675,0.656852795
1.049706196,0.405189694,-0.156507515
0.627632344,0.714774255,0.162131943
-0.734129129,-1.481563601,-1.186208174
1.085650806,-0.405176786,0.216025294
-0.749730662,-0.337632146,-0.549609177
0.175563823,-0.515679663,0.596038363
-1.269088877,0.754813318,0.099577139
1.820882832,-0.588293955,0.509811052
-0.634456244,1.142657345,1.706632787
0.572742696,-1.314390127,-0.916978013
0.850323092,-0.257622524,-0.439228675
0.775914358,0.341561273,0.091961144
0.357155881,-0.373824251,-0.196814087
0.483431889,-0.199097265,-0.247841916
1.932555442,0.389422068,-0.552929775
-0.664131503,-0.103630103,-0.866036941
-0.445067261,-0.094986713,0.649763303
1.459380997,-0.42398034,0.94361773
0.158062563,0.201088046,0.280631548
0.276552022,0.492338318,0.507304745
0.94083594,0.848298342,-0.674789309
-0.464677652,-0.709544124,0.555229768
0.190249252,-0.268043751,1.586557243
-0.358805828,1.344227877,-1.04497198
-0.962101396,-0.344694313,1.381400753
-0.487717764,-0.757671601,-1.228495971
0.874352405,1.11179279,-0.87547432
-0.580286655,-0.295871354,0.58980368
0.290787671,1.398851899,-0.047365195
-0.68326306,0.717478485,0.746205456
1.148638964,-0.85765176,-0.18773337
-1.787445028,1.869951758,0.072248013
1.06268128,1.135345518,-0.24676556
-0.846961611,0.5899602,-0.643204298
0.664734167,0.484015989,-0.387033054
1.275531081,0.187839904,-0.337343386
2.781304521,1.184496601,-0.967765499
-2.379573169,-0.438868019,0.575598016
-1.123839898,0.496906746,-0.494799728
-0.154075603,0.985798391,1.362613178
-0.218861329,-1.020406102,-0.031898537
-1.121753921,0.547327918,-0.178599157
-0.477693599,1.395708619,0.517142565
-0.806758544,0.790175535,-0.44164878
-0.269041703,0.856898905,-0.171285032
1.394559601,0.067087834,0.074009388
0.475753718,-1.027685701,0.283234704
0.832896796,-0.362702145,-0.533286858
0.910932774,0.938772406,-0.538740274
1.829099541,-0.140881935,0.284803255
-0.603699018,-0.486241024,0.15727111
-1.961546993,0.269476096,-0.261686528
1.245736782,1.067805578,-0.493532246
-1.038730009,-0.258018786,-0.60266654
-1.004870061,-0.467741487,0.241069576
0.826640132,1.424956716,0.704872246
-0.632902542,0.056896437,0.132851194
0.349140885,0.170620248,0.290334844
-0.077362297,0.224230014,0.233116598
1.290149755,0.182962262,-0.975362415
0.844216914,0.711886083,-0.674181114
-0.405158812,-0.561701325,-0.637377871
-0.259451434,0.639474007,0.067000934
0.818400426,0.004824485,-0.176374538
0.325771356,1.480015477,0.645898943
-0.776792003,0.819231835,0.17037912
0.269274453,1.444842892,-1.586083103
-0.191112867,-0.552794663,-0.514282258
0.95737195,0.952713928,-0.266794108
0.607950202,0.358787562,1.060642628
-0.529193636,0.778202692,-0.184989349
-0.556643557,-0.30182863,0.074577813
-0.594532464,-0.232687472,0.023217713
-0.913616082,-1.804043858,0.637682338
0.676415765,0.141967872,-0.32800583
-0.339877707,-0.301773255,-0.011028844
-2.203701505,-0.160536781,0.041182186
-1.591278644,0.438254232,0.665658721
-0.719016492,-1.066523664,0.059082766
-0.787851574,0.208724586,-0.045461609
-0.207835577,0.095377962,-0.436724354
1.013760858,-0.649709775,0.904378665
0.898940778,-0.14624107,-0.565511103
-0.095277575,0.724613687,-0.920816189
-0.63337556,-0.859082792,0.095864101
-0.020397919,0.040074198,-0.155352369
-0.265447111,1.494528867,-0.818538095
0.109927779,0.941638526,0.054345308
0.095204442,0.108669809,0.006978897
0.159669043,0.185793702,-0.014433661
-0.656742161,1.724893785,0.808489827
0.165333267,-0.878289093,0.610053111
-0.740079427,0.641496737,-0.611996654
-0.411003946,0.700426056,1.243707838
0.741277552,0.50250143,0.840683965
-0.331535015,0.816558942,1.311050946
-2.653899537,0.407222585,-1.073605056
0.620423954,0.409196835,-0.294113429
-0.684792427,0.6546751,-0.14483598
-0.369740851,-0.751248486,0.061575682
0.572663702,-1.571435957,-0.460721141
-0.209336089,-1.075473722,-0.089631464
1.534972893,-0.701915948,0.285555681
0.998309321,-0.774430047,1.00306723
0.562269659,-0.044087584,-0.497457935
1.435087043,1.17433816,-0.283979771
1.466225591,-0.206391061,-0.33390689
0.408710424,-0.794857324,0.020571085
-0.326267283,-0.000610796,0.381754576
-0.960771912,1.233044453,0.514131124
0.53782358,-0.003577035,0.712975982
1.321009449,-0.020697968,0.849751343
-0.088733097,0.642266498,0.276786892
0.070902459,1.252807693,-0.833010314
-1.399619473,-0.22422743,-0.372665921
-0.026318518,1.507696557,0.049038532
0.561161428,-1.360225116,0.520523219
-0.180537715,-0.113454846,0.274558353
0.078165066,0.740826263,-0.420172508
-0.738398403,-0.080718122,0.110249529
0.163888015,0.211403018,1.160592329
-1.101521461,-0.415309893,-0.212348613
0.845552455,-1.289928679,0.563776114
0.425165062,-0.105623474,-0.673463413
1.35100237,1.403666296,0.511631653
0.718806479,-0.245213078,0.07836359
0.891319414,-0.869786375,-0.322957348
0.551293076,-0.359065088,0.031542559
-0.670870371,-1.537179171,0.044909289
-1.466944941,0.003763453,1.124422012
-0.019288267,0.292955362,-0.208267501
-1.813589051,0.084096261,0.604604087
-0.395640036,-1.984183544,0.277129462
-0.089445186,0.285197284,0.822602233
1.924836994,0.921032969,0.055904885
0.280383601,-0.526858036,0.438944025
-0.10254168,0.143660417,0.928536275
0.028172978,-0.413623537,0.046294736
0.297824734,1.060682695,-0.904256411
0.144106597,0.096886956,0.443784208
-1.012534068,0.53542658,-0.061841215
0.004023399,-0.810287024,1.188150267
-0.388388821,0.297077613,-0.193115203
1.540949397,0.166713125,1.728233942
-0.665201525,-0.348501873,-0.862701544
-0.607110643,1.389128809,0.626093716
0.797446405,0.05568944,0.546888038
-0.127942877,0.030365168,0.456975772
1.77402431,0.627870925,0.654231828
-0.257682674,0.439670134,-0.170631851
-0.209547994,-0.666043109,-0.638582732
1.364096982,-0.052849095,0.215618356
0.150121962,0.260466571,1.160974944
0.029910346,-0.481422796,-0.632934956
0.8198365,-0.109007126,-0.238996541
0.554000581,-1.155237526,0.258470246
1.566819548,0.111612299,-0.271799803
-2.042669282,-1.809589359,-0.437923195
-0.709975927,-0.441634837,-0.651592738
0.792820471,-0.635696827,0.187720743
0.05466819,0.838467172,2.265933358
-0.935081229,1.3696734,-0.150158339
-0.109203846,-0.608116253,-0.03847021
-0.950684849,-0.208399812,0.184734448
0.846340568,-0.795720783,-1.437632397
1.505277703,-0.78983408,0.875553376
-0.685193575,-0.127588566,0.902408155
0.071958431,-0.131928094,0.349499615
0.625578255,-0.577998679,0.095942793
-0.452619115,1.703209529,0.914530105
0.870337534,-0.634078734,0.136004567
1.142310058,0.023911207,0.198418072
0.924229073,-1.103398176,0.19162622
-0.494322258,-0.390321052,0.988221557
0.28901127,0.188350657,0.861964451
-0.206303341,0.321957168,-1.409163294
0.587976126,-0.186722424,-1.311214288
0.277673753,0.021591272,-0.2939207
-1.134892976,1.511972027,-0.711672933
-0.862951811,-1.14304144,0.229412133
-1.112609797,0.799060503,-0.179899849
0.296992056,-0.247672839,-0.426653687
0.130534173,-0.991308486,1.081678164
0.839208614,-0.611574972,-0.263090075
1.484277744,-1.595374823,-0.033336961
-1.705860591,-0.622877727,-0.074932962
0.230129013,1.626361625,-0.054959495
-0.282818181,0.045665013,0.811681806
-0.342855578,1.01528298,0.189080728
-0.248006478,0.392666916,-0.581481066
0.075606245,-0.24044267,-0.659862294
2.122195411,0.215033229,-1.105017232
-0.295083349,0.736361961,0.301402753
1.865223008,0.153376329,1.050351902
0.612309547,0.930386858,0.260454623
0.468933155,-0.398607362,-0.600210872
0.073308825,0.565117099,-0.006773519
-1.24871086,-0.202176561,-0.766566255
0.628129232,-0.26166424,-1.639292242
-0.418439297,0.40100507,-0.384530115
-0.10423436,0.237552442,-0.932716458
0.229111137,-0.495936899,0.594458469
0.103183927,0.29178032,0.144530386
1.118340098,0.607361766,0.632656987
0.015508059,0.146433965,0.0731149
0.611976623,0.284835704,0.164066675
-1.484526636,-0.253686892,0.657995962
-0.684934044,-0.336173407,-0.302901113
0.146398717,0.843286895,-0.923091643
-0.200758595,0.677628892,-0.731728141
0.190312483,-0.007477927,0.613100995
-0.971483621,0.526065569,-0.129048594
-0.608070213,-0.665310173,-1.337952371
-0.397792498,-0.371400288,0.502518459
0.106805248,-0.148696399,0.54222462
-0.437505165,0.828631242,0.202446922
-0.628840495,0.727718465,-0.438330945
1.003943656,0.626851327,0.911535878
-0.211971861,0.15158169,0.152291552
-0.710732563,0.609382177,-0.357073208
-1.533373881,0.687699196,-0.733983514
0.444115271,0.803347629,-0.047814814
-0.517525703,-0.754460759,0.118731384
-0.756044718,-0.526886425,-0.979514978
1.237162891,-1.474489761,-0.540007326
-0.772727738,0.42643458,-0.270077567
1.546063293,0.491258021,-0.431525826
-1.082417587,0.694694946,-0.155486747
-0.151596526,0.824045511,-0.805179659
0.871896072,1.123121478,-0.238559096
-0.327425603,0.519339391,-0.136577082
0.974661908,-0.419004839,0.42294846
-1.081949436,0.572312154,-1.602779133
-0.363023412,0.186783226,0.603122645
0.330850545,0.476017921,0.193514945
-0.555700419,0.347258038,1.085694835
-0.042096117,0.026540611,1.561154978
0.146502747,-1.244754161,0.157318306
1.181894736,-1.051510019,0.401773545
0.844645679,0.844149385,-0.394092315
1.30883919,2.524709156,-0.863659962
-1.071963125,-2.102180956,0.22414976
